[{"model": "admin.logentry", "pk": 1, "fields": {"action_time": "2024-04-23T15:06:47.671Z", "user": 6, "content_type": 10, "object_id": "1", "object_repr": "Hello, world", "action_flag": 1, "change_message": "[{\"added\": {}}]"}}, {"model": "admin.logentry", "pk": 2, "fields": {"action_time": "2024-04-24T07:53:35.839Z", "user": 6, "content_type": 7, "object_id": "1", "object_repr": "maksym", "action_flag": 2, "change_message": "[{\"changed\": {\"fields\": [\"Date of birth\", \"Gender\", \"Phone\", \"Location\", \"Description\"]}}]"}}, {"model": "admin.logentry", "pk": 3, "fields": {"action_time": "2024-04-24T14:46:40.282Z", "user": 6, "content_type": 7, "object_id": "1", "object_repr": "maksym", "action_flag": 2, "change_message": "[{\"changed\": {\"fields\": [\"Image\"]}}]"}}, {"model": "admin.logentry", "pk": 4, "fields": {"action_time": "2024-04-25T09:29:08.400Z", "user": 6, "content_type": 7, "object_id": "5", "object_repr": "fred", "action_flag": 2, "change_message": "[{\"changed\": {\"fields\": [\"Image\"]}}]"}}, {"model": "admin.logentry", "pk": 5, "fields": {"action_time": "2024-04-25T09:29:17.333Z", "user": 6, "content_type": 7, "object_id": "4", "object_repr": "mike", "action_flag": 2, "change_message": "[{\"changed\": {\"fields\": [\"Image\"]}}]"}}, {"model": "admin.logentry", "pk": 6, "fields": {"action_time": "2024-04-25T09:30:19.522Z", "user": 6, "content_type": 7, "object_id": "3", "object_repr": "alex", "action_flag": 2, "change_message": "[{\"changed\": {\"fields\": [\"Image\"]}}]"}}, {"model": "admin.logentry", "pk": 7, "fields": {"action_time": "2024-04-25T09:32:14.763Z", "user": 6, "content_type": 7, "object_id": "6", "object_repr": "lucas", "action_flag": 2, "change_message": "[{\"changed\": {\"fields\": [\"Image\"]}}]"}}, {"model": "admin.logentry", "pk": 8, "fields": {"action_time": "2024-04-25T11:35:38.325Z", "user": 6, "content_type": 4, "object_id": "6", "object_repr": "admin", "action_flag": 2, "change_message": "[{\"changed\": {\"fields\": [\"First name\", \"Last name\"]}}]"}}, {"model": "admin.logentry", "pk": 9, "fields": {"action_time": "2024-04-25T11:36:36.390Z", "user": 6, "content_type": 7, "object_id": "2", "object_repr": "admin", "action_flag": 2, "change_message": "[{\"changed\": {\"fields\": [\"Image\"]}}]"}}, {"model": "admin.logentry", "pk": 10, "fields": {"action_time": "2024-04-25T12:29:21.561Z", "user": 6, "content_type": 7, "object_id": "4", "object_repr": "mike", "action_flag": 2, "change_message": "[{\"changed\": {\"fields\": [\"Image\"]}}]"}}, {"model": "admin.logentry", "pk": 11, "fields": {"action_time": "2024-04-25T12:29:28.047Z", "user": 6, "content_type": 7, "object_id": "4", "object_repr": "mike", "action_flag": 2, "change_message": "[{\"changed\": {\"fields\": [\"Image\"]}}]"}}, {"model": "admin.logentry", "pk": 12, "fields": {"action_time": "2024-04-25T12:55:24.946Z", "user": 6, "content_type": 7, "object_id": "1", "object_repr": "maksym", "action_flag": 2, "change_message": "[{\"changed\": {\"fields\": [\"Image\"]}}]"}}, {"model": "admin.logentry", "pk": 13, "fields": {"action_time": "2024-04-25T12:55:39.108Z", "user": 6, "content_type": 7, "object_id": "1", "object_repr": "maksym", "action_flag": 2, "change_message": "[{\"changed\": {\"fields\": [\"Image\"]}}]"}}, {"model": "admin.logentry", "pk": 14, "fields": {"action_time": "2024-04-25T12:57:33.294Z", "user": 6, "content_type": 7, "object_id": "6", "object_repr": "lucas", "action_flag": 2, "change_message": "[{\"changed\": {\"fields\": [\"Image\"]}}]"}}, {"model": "admin.logentry", "pk": 15, "fields": {"action_time": "2024-04-25T12:57:41.608Z", "user": 6, "content_type": 7, "object_id": "6", "object_repr": "lucas", "action_flag": 2, "change_message": "[{\"changed\": {\"fields\": [\"Image\"]}}]"}}, {"model": "admin.logentry", "pk": 16, "fields": {"action_time": "2024-04-25T12:57:53.276Z", "user": 6, "content_type": 7, "object_id": "5", "object_repr": "fred", "action_flag": 2, "change_message": "[{\"changed\": {\"fields\": [\"Image\"]}}]"}}, {"model": "admin.logentry", "pk": 17, "fields": {"action_time": "2024-04-25T12:58:35.338Z", "user": 6, "content_type": 7, "object_id": "5", "object_repr": "fred", "action_flag": 2, "change_message": "[{\"changed\": {\"fields\": [\"Image\"]}}]"}}, {"model": "admin.logentry", "pk": 18, "fields": {"action_time": "2024-04-25T13:03:37.521Z", "user": 6, "content_type": 7, "object_id": "3", "object_repr": "alex", "action_flag": 2, "change_message": "[{\"changed\": {\"fields\": [\"Image\"]}}]"}}, {"model": "admin.logentry", "pk": 19, "fields": {"action_time": "2024-04-25T13:03:46.689Z", "user": 6, "content_type": 7, "object_id": "3", "object_repr": "alex", "action_flag": 2, "change_message": "[{\"changed\": {\"fields\": [\"Image\"]}}]"}}, {"model": "admin.logentry", "pk": 20, "fields": {"action_time": "2024-04-25T13:04:31.374Z", "user": 6, "content_type": 7, "object_id": "2", "object_repr": "admin", "action_flag": 2, "change_message": "[{\"changed\": {\"fields\": [\"Image\"]}}]"}}, {"model": "admin.logentry", "pk": 21, "fields": {"action_time": "2024-04-26T13:04:47.304Z", "user": 6, "content_type": 10, "object_id": "13", "object_repr": "Post object (13)", "action_flag": 1, "change_message": "[{\"added\": {}}]"}}, {"model": "admin.logentry", "pk": 22, "fields": {"action_time": "2024-04-26T13:29:18.257Z", "user": 6, "content_type": 10, "object_id": "17", "object_repr": "Post object (17)", "action_flag": 1, "change_message": "[{\"added\": {}}]"}}, {"model": "admin.logentry", "pk": 23, "fields": {"action_time": "2024-04-26T13:29:27.781Z", "user": 6, "content_type": 10, "object_id": "17", "object_repr": "Post object (17)", "action_flag": 2, "change_message": "[{\"changed\": {\"fields\": [\"Text\"]}}]"}}, {"model": "admin.logentry", "pk": 24, "fields": {"action_time": "2024-04-26T14:04:33.267Z", "user": 6, "content_type": 10, "object_id": "17", "object_repr": "Post object (17)", "action_flag": 3, "change_message": ""}}, {"model": "admin.logentry", "pk": 25, "fields": {"action_time": "2024-04-26T14:04:33.270Z", "user": 6, "content_type": 10, "object_id": "16", "object_repr": "Post object (16)", "action_flag": 3, "change_message": ""}}, {"model": "admin.logentry", "pk": 26, "fields": {"action_time": "2024-04-26T14:04:33.273Z", "user": 6, "content_type": 10, "object_id": "15", "object_repr": "Post object (15)", "action_flag": 3, "change_message": ""}}, {"model": "admin.logentry", "pk": 27, "fields": {"action_time": "2024-04-26T14:04:33.276Z", "user": 6, "content_type": 10, "object_id": "14", "object_repr": "Post object (14)", "action_flag": 3, "change_message": ""}}, {"model": "admin.logentry", "pk": 28, "fields": {"action_time": "2024-04-26T14:04:33.278Z", "user": 6, "content_type": 10, "object_id": "13", "object_repr": "Post object (13)", "action_flag": 3, "change_message": ""}}, {"model": "admin.logentry", "pk": 29, "fields": {"action_time": "2024-04-26T14:04:33.281Z", "user": 6, "content_type": 10, "object_id": "12", "object_repr": "Post object (12)", "action_flag": 3, "change_message": ""}}, {"model": "admin.logentry", "pk": 30, "fields": {"action_time": "2024-04-26T14:04:33.284Z", "user": 6, "content_type": 10, "object_id": "11", "object_repr": "Post object (11)", "action_flag": 3, "change_message": ""}}, {"model": "admin.logentry", "pk": 31, "fields": {"action_time": "2024-04-26T14:04:33.288Z", "user": 6, "content_type": 10, "object_id": "10", "object_repr": "Post object (10)", "action_flag": 3, "change_message": ""}}, {"model": "admin.logentry", "pk": 32, "fields": {"action_time": "2024-04-26T14:04:33.291Z", "user": 6, "content_type": 10, "object_id": "9", "object_repr": "Post object (9)", "action_flag": 3, "change_message": ""}}, {"model": "admin.logentry", "pk": 33, "fields": {"action_time": "2024-04-26T14:04:33.294Z", "user": 6, "content_type": 10, "object_id": "8", "object_repr": "Post object (8)", "action_flag": 3, "change_message": ""}}, {"model": "admin.logentry", "pk": 34, "fields": {"action_time": "2024-04-26T14:04:33.296Z", "user": 6, "content_type": 10, "object_id": "7", "object_repr": "Post object (7)", "action_flag": 3, "change_message": ""}}, {"model": "admin.logentry", "pk": 35, "fields": {"action_time": "2024-04-26T14:04:33.298Z", "user": 6, "content_type": 10, "object_id": "6", "object_repr": "Post object (6)", "action_flag": 3, "change_message": ""}}, {"model": "admin.logentry", "pk": 36, "fields": {"action_time": "2024-04-26T14:04:33.301Z", "user": 6, "content_type": 10, "object_id": "5", "object_repr": "Post object (5)", "action_flag": 3, "change_message": ""}}, {"model": "admin.logentry", "pk": 37, "fields": {"action_time": "2024-04-26T14:07:48.504Z", "user": 6, "content_type": 10, "object_id": "4", "object_repr": "Post object (4)", "action_flag": 3, "change_message": ""}}, {"model": "admin.logentry", "pk": 38, "fields": {"action_time": "2024-04-26T14:07:48.507Z", "user": 6, "content_type": 10, "object_id": "3", "object_repr": "Post object (3)", "action_flag": 3, "change_message": ""}}, {"model": "admin.logentry", "pk": 39, "fields": {"action_time": "2024-04-26T14:07:48.511Z", "user": 6, "content_type": 10, "object_id": "1", "object_repr": "Post object (1)", "action_flag": 3, "change_message": ""}}, {"model": "admin.logentry", "pk": 40, "fields": {"action_time": "2024-04-26T14:08:31.234Z", "user": 6, "content_type": 10, "object_id": "18", "object_repr": "Post object (18)", "action_flag": 2, "change_message": "[{\"changed\": {\"fields\": [\"Text\"]}}]"}}, {"model": "admin.logentry", "pk": 41, "fields": {"action_time": "2024-05-02T21:43:15.695Z", "user": 6, "content_type": 8, "object_id": "1", "object_repr": "Comment object (1)", "action_flag": 2, "change_message": "[{\"changed\": {\"fields\": [\"Text\"]}}]"}}, {"model": "auth.permission", "pk": 1, "fields": {"name": "Can add log entry", "content_type": 1, "codename": "add_logentry"}}, {"model": "auth.permission", "pk": 2, "fields": {"name": "Can change log entry", "content_type": 1, "codename": "change_logentry"}}, {"model": "auth.permission", "pk": 3, "fields": {"name": "Can delete log entry", "content_type": 1, "codename": "delete_logentry"}}, {"model": "auth.permission", "pk": 4, "fields": {"name": "Can view log entry", "content_type": 1, "codename": "view_logentry"}}, {"model": "auth.permission", "pk": 5, "fields": {"name": "Can add permission", "content_type": 2, "codename": "add_permission"}}, {"model": "auth.permission", "pk": 6, "fields": {"name": "Can change permission", "content_type": 2, "codename": "change_permission"}}, {"model": "auth.permission", "pk": 7, "fields": {"name": "Can delete permission", "content_type": 2, "codename": "delete_permission"}}, {"model": "auth.permission", "pk": 8, "fields": {"name": "Can view permission", "content_type": 2, "codename": "view_permission"}}, {"model": "auth.permission", "pk": 9, "fields": {"name": "Can add group", "content_type": 3, "codename": "add_group"}}, {"model": "auth.permission", "pk": 10, "fields": {"name": "Can change group", "content_type": 3, "codename": "change_group"}}, {"model": "auth.permission", "pk": 11, "fields": {"name": "Can delete group", "content_type": 3, "codename": "delete_group"}}, {"model": "auth.permission", "pk": 12, "fields": {"name": "Can view group", "content_type": 3, "codename": "view_group"}}, {"model": "auth.permission", "pk": 13, "fields": {"name": "Can add user", "content_type": 4, "codename": "add_user"}}, {"model": "auth.permission", "pk": 14, "fields": {"name": "Can change user", "content_type": 4, "codename": "change_user"}}, {"model": "auth.permission", "pk": 15, "fields": {"name": "Can delete user", "content_type": 4, "codename": "delete_user"}}, {"model": "auth.permission", "pk": 16, "fields": {"name": "Can view user", "content_type": 4, "codename": "view_user"}}, {"model": "auth.permission", "pk": 17, "fields": {"name": "Can add content type", "content_type": 5, "codename": "add_contenttype"}}, {"model": "auth.permission", "pk": 18, "fields": {"name": "Can change content type", "content_type": 5, "codename": "change_contenttype"}}, {"model": "auth.permission", "pk": 19, "fields": {"name": "Can delete content type", "content_type": 5, "codename": "delete_contenttype"}}, {"model": "auth.permission", "pk": 20, "fields": {"name": "Can view content type", "content_type": 5, "codename": "view_contenttype"}}, {"model": "auth.permission", "pk": 21, "fields": {"name": "Can add session", "content_type": 6, "codename": "add_session"}}, {"model": "auth.permission", "pk": 22, "fields": {"name": "Can change session", "content_type": 6, "codename": "change_session"}}, {"model": "auth.permission", "pk": 23, "fields": {"name": "Can delete session", "content_type": 6, "codename": "delete_session"}}, {"model": "auth.permission", "pk": 24, "fields": {"name": "Can view session", "content_type": 6, "codename": "view_session"}}, {"model": "auth.permission", "pk": 25, "fields": {"name": "Can add user profile", "content_type": 7, "codename": "add_userprofile"}}, {"model": "auth.permission", "pk": 26, "fields": {"name": "Can change user profile", "content_type": 7, "codename": "change_userprofile"}}, {"model": "auth.permission", "pk": 27, "fields": {"name": "Can delete user profile", "content_type": 7, "codename": "delete_userprofile"}}, {"model": "auth.permission", "pk": 28, "fields": {"name": "Can view user profile", "content_type": 7, "codename": "view_userprofile"}}, {"model": "auth.permission", "pk": 29, "fields": {"name": "Can add comment", "content_type": 8, "codename": "add_comment"}}, {"model": "auth.permission", "pk": 30, "fields": {"name": "Can change comment", "content_type": 8, "codename": "change_comment"}}, {"model": "auth.permission", "pk": 31, "fields": {"name": "Can delete comment", "content_type": 8, "codename": "delete_comment"}}, {"model": "auth.permission", "pk": 32, "fields": {"name": "Can view comment", "content_type": 8, "codename": "view_comment"}}, {"model": "auth.permission", "pk": 33, "fields": {"name": "Can add like", "content_type": 9, "codename": "add_like"}}, {"model": "auth.permission", "pk": 34, "fields": {"name": "Can change like", "content_type": 9, "codename": "change_like"}}, {"model": "auth.permission", "pk": 35, "fields": {"name": "Can delete like", "content_type": 9, "codename": "delete_like"}}, {"model": "auth.permission", "pk": 36, "fields": {"name": "Can view like", "content_type": 9, "codename": "view_like"}}, {"model": "auth.permission", "pk": 37, "fields": {"name": "Can add post", "content_type": 10, "codename": "add_post"}}, {"model": "auth.permission", "pk": 38, "fields": {"name": "Can change post", "content_type": 10, "codename": "change_post"}}, {"model": "auth.permission", "pk": 39, "fields": {"name": "Can delete post", "content_type": 10, "codename": "delete_post"}}, {"model": "auth.permission", "pk": 40, "fields": {"name": "Can view post", "content_type": 10, "codename": "view_post"}}, {"model": "auth.permission", "pk": 41, "fields": {"name": "Can add order", "content_type": 11, "codename": "add_order"}}, {"model": "auth.permission", "pk": 42, "fields": {"name": "Can change order", "content_type": 11, "codename": "change_order"}}, {"model": "auth.permission", "pk": 43, "fields": {"name": "Can delete order", "content_type": 11, "codename": "delete_order"}}, {"model": "auth.permission", "pk": 44, "fields": {"name": "Can view order", "content_type": 11, "codename": "view_order"}}, {"model": "auth.permission", "pk": 45, "fields": {"name": "Can add product", "content_type": 12, "codename": "add_product"}}, {"model": "auth.permission", "pk": 46, "fields": {"name": "Can change product", "content_type": 12, "codename": "change_product"}}, {"model": "auth.permission", "pk": 47, "fields": {"name": "Can delete product", "content_type": 12, "codename": "delete_product"}}, {"model": "auth.permission", "pk": 48, "fields": {"name": "Can view product", "content_type": 12, "codename": "view_product"}}, {"model": "auth.permission", "pk": 49, "fields": {"name": "Can add category", "content_type": 13, "codename": "add_category"}}, {"model": "auth.permission", "pk": 50, "fields": {"name": "Can change category", "content_type": 13, "codename": "change_category"}}, {"model": "auth.permission", "pk": 51, "fields": {"name": "Can delete category", "content_type": 13, "codename": "delete_category"}}, {"model": "auth.permission", "pk": 52, "fields": {"name": "Can view category", "content_type": 13, "codename": "view_category"}}, {"model": "auth.permission", "pk": 53, "fields": {"name": "Can add customer", "content_type": 14, "codename": "add_customer"}}, {"model": "auth.permission", "pk": 54, "fields": {"name": "Can change customer", "content_type": 14, "codename": "change_customer"}}, {"model": "auth.permission", "pk": 55, "fields": {"name": "Can delete customer", "content_type": 14, "codename": "delete_customer"}}, {"model": "auth.permission", "pk": 56, "fields": {"name": "Can view customer", "content_type": 14, "codename": "view_customer"}}, {"model": "auth.user", "pk": 5, "fields": {"password": "pbkdf2_sha256$720000$7Yp8edfevNwptYbb4nIzas$JqWNhiUnjiPON2LmbOF2cfafSkAuiHcoHeuHs6LnGKQ=", "last_login": "2024-04-26T14:09:03.441Z", "is_superuser": false, "username": "maksym", "first_name": "Maksym", "last_name": "Kharchenko", "email": "max@gmail.com", "is_staff": false, "is_active": true, "date_joined": "2024-04-23T15:01:32.806Z", "groups": [], "user_permissions": []}}, {"model": "auth.user", "pk": 6, "fields": {"password": "pbkdf2_sha256$720000$GNepOuKVa5WPy29CPulotg$+0C7kubdV7HiMt/GLhjJliaD33HP7XIKQEcI6qIFf0M=", "last_login": "2024-05-03T07:58:58.060Z", "is_superuser": true, "username": "admin", "first_name": "Oliver", "last_name": "White", "email": "admin@gmail.com", "is_staff": true, "is_active": true, "date_joined": "2024-04-23T15:04:24Z", "groups": [], "user_permissions": []}}, {"model": "auth.user", "pk": 7, "fields": {"password": "pbkdf2_sha256$720000$38xXOosdEL1C6GospmiXU1$9lQ38DGcD+GvwPLqdpu6NargTi8rZkGJRKHAT/wA1A8=", "last_login": "2024-05-07T11:15:24.871Z", "is_superuser": false, "username": "alex", "first_name": "Alex", "last_name": "Moore", "email": "alex@gmail.com", "is_staff": false, "is_active": true, "date_joined": "2024-04-25T09:24:10.284Z", "groups": [], "user_permissions": []}}, {"model": "auth.user", "pk": 8, "fields": {"password": "pbkdf2_sha256$720000$j22vODMh9PovLXODPhJmYR$FbTxN96PkRTtmxq1aPXJsVeyQfyH8TG05L6QtF/wV7Y=", "last_login": "2024-05-03T08:10:12.366Z", "is_superuser": false, "username": "mike", "first_name": "Mike", "last_name": "Hendrix", "email": "mke@gmail.com", "is_staff": false, "is_active": true, "date_joined": "2024-04-25T09:24:58.779Z", "groups": [], "user_permissions": []}}, {"model": "auth.user", "pk": 9, "fields": {"password": "pbkdf2_sha256$720000$8mIvykfEEVZurgu2pjTYCg$5ssZvcyRVo5eKPxNyOgNSpjLE7TCXNGTLlML9FpXFk4=", "last_login": "2024-04-26T14:15:08.775Z", "is_superuser": false, "username": "fred", "first_name": "Fred", "last_name": "Brown", "email": "fred@gmail.com", "is_staff": false, "is_active": true, "date_joined": "2024-04-25T09:27:17.241Z", "groups": [], "user_permissions": []}}, {"model": "auth.user", "pk": 10, "fields": {"password": "pbkdf2_sha256$720000$jIt5mEmEb0pIYqtm3i0IVy$P36fCRsxAlUPkS2dzVKR2AY4tfHsZyjSkd2VXghmEX0=", "last_login": "2024-04-26T14:13:49.594Z", "is_superuser": false, "username": "lucas", "first_name": "Lucas", "last_name": "Miles", "email": "lucas@gmail.com", "is_staff": false, "is_active": true, "date_joined": "2024-04-25T09:31:29.390Z", "groups": [], "user_permissions": []}}, {"model": "contenttypes.contenttype", "pk": 1, "fields": {"app_label": "admin", "model": "logentry"}}, {"model": "contenttypes.contenttype", "pk": 2, "fields": {"app_label": "auth", "model": "permission"}}, {"model": "contenttypes.contenttype", "pk": 3, "fields": {"app_label": "auth", "model": "group"}}, {"model": "contenttypes.contenttype", "pk": 4, "fields": {"app_label": "auth", "model": "user"}}, {"model": "contenttypes.contenttype", "pk": 5, "fields": {"app_label": "contenttypes", "model": "contenttype"}}, {"model": "contenttypes.contenttype", "pk": 6, "fields": {"app_label": "sessions", "model": "session"}}, {"model": "contenttypes.contenttype", "pk": 7, "fields": {"app_label": "user", "model": "userprofile"}}, {"model": "contenttypes.contenttype", "pk": 8, "fields": {"app_label": "feed", "model": "comment"}}, {"model": "contenttypes.contenttype", "pk": 9, "fields": {"app_label": "feed", "model": "like"}}, {"model": "contenttypes.contenttype", "pk": 10, "fields": {"app_label": "feed", "model": "post"}}, {"model": "contenttypes.contenttype", "pk": 11, "fields": {"app_label": "marketplace", "model": "order"}}, {"model": "contenttypes.contenttype", "pk": 12, "fields": {"app_label": "marketplace", "model": "product"}}, {"model": "contenttypes.contenttype", "pk": 13, "fields": {"app_label": "marketplace", "model": "category"}}, {"model": "contenttypes.contenttype", "pk": 14, "fields": {"app_label": "marketplace", "model": "customer"}}, {"model": "sessions.session", "pk": "9yenfm2texhn5zh3qjx654m9bubnuj9n", "fields": {"session_data": ".eJxVjLsOwjAMAP8lM4ryqFPKyM43RLYTkwJqpKadEP-OInWA9e50bxVx30rcW17jnNRFgTr9MkJ-5qWL9MDlXjXXZVtn0j3Rh236VlN-XY_2b1Cwlb4lFwKeWabENGaTJgRrPDh2PIigFXSe2VKwHgIPWUyAbNk5YhAY1ecLAA84fg:1rzHjk:DQ7154haw3GmFOCn8r855jkMUXhxn0GSC51XuU8IGcY", "expire_date": "2024-05-07T15:07:12.229Z"}}, {"model": "sessions.session", "pk": "v6sxb3k8znyj3o0uqwhq50qhtjsz48f1", "fields": {"session_data": ".eJxVjMsOwiAQRf-FtSHAUBhduu83kGGY2qqBpI-V8d-1SRe6veec-1KJtnVM2yJzmoq6KFSn3y0TP6TuoNyp3prmVtd5ynpX9EEX3bciz-vh_h2MtIzfevAdsjG2Q_EggxWD3FGBcDaByKIpzoXsInmG4HIeGCOEAuhtBIao3h_VWzc9:1s2nzg:SbTu2ydMaYmbo_6sIKzFUzUfkYm0dWoxDb_wD9CzA9I", "expire_date": "2024-05-17T08:10:12.376Z"}}, {"model": "sessions.session", "pk": "xuf527gtzkde8w611o1shwo3c11ctws5", "fields": {"session_data": ".eJxVjDsOwjAQBe_iGlmKP7sOJT1nsNa7Ng4gR4qTCnF3iJQC2jcz76UibWuNW89LnESdFarT75aIH7ntQO7UbrPmua3LlPSu6IN2fZ0lPy-H-3dQqddv7QDyECyIQe_A--CNL4bJZkojByEzII4sCQFQ0IWSGVwxpSAJBqveH8zDN9I:1s4In6:0ITX6Uw70jGNDHg1t-mtcZ4dx7KxrjLua1-Xtwaw51k", "expire_date": "2024-05-21T11:15:24.876Z"}}, {"model": "user.userprofile", "pk": 1, "fields": {"user": 5, "date_of_modified": "2024-04-26T14:09:03.444Z", "date_of_birth": "1995-01-16T00:11:00Z", "gender": "MALE", "phone": "+4915538885544", "location": "Berlin", "image": "user_images/87f8c575-c8d0-4ea1-862f-465ba9a0f6ab_1.jpeg", "description": "Hi, I am Max. I'm learning programming and wont to tell you little bit about it.", "background_image": ""}}, {"model": "user.userprofile", "pk": 2, "fields": {"user": 6, "date_of_modified": "2024-05-03T07:58:58.063Z", "date_of_birth": null, "gender": null, "phone": null, "location": null, "image": "user_images/360_F_224869519_aRaeLneqALfPNBzg0xxMZXghtvBXkfIA_1.jpg", "description": null, "background_image": ""}}, {"model": "user.userprofile", "pk": 3, "fields": {"user": 7, "date_of_modified": "2024-05-07T11:15:24.874Z", "date_of_birth": null, "gender": null, "phone": null, "location": null, "image": "user_images/dark-haired-man-in-brown-leather-jacket_1.jpg", "description": null, "background_image": ""}}, {"model": "user.userprofile", "pk": 4, "fields": {"user": 8, "date_of_modified": "2024-05-03T08:10:12.373Z", "date_of_birth": null, "gender": null, "phone": null, "location": null, "image": "user_images/istockphoto-1388645967-612x612_eT80SGh.jpg", "description": null, "background_image": ""}}, {"model": "user.userprofile", "pk": 5, "fields": {"user": 9, "date_of_modified": "2024-04-26T14:15:08.777Z", "date_of_birth": null, "gender": null, "phone": null, "location": null, "image": "user_images/360_F_214746128_31JkeaP6rU0NzzzdFC4khGkmqc8noe6h_1.jpg", "description": null, "background_image": ""}}, {"model": "user.userprofile", "pk": 6, "fields": {"user": 10, "date_of_modified": "2024-04-26T14:13:49.598Z", "date_of_birth": null, "gender": null, "phone": null, "location": null, "image": "user_images/360_F_325735908_TkxHU7okor9CTWHBhkGfdRumONWfIDEb_1.jpg", "description": null, "background_image": ""}}, {"model": "feed.post", "pk": 18, "fields": {"profile": 2, "created_at": "2024-04-26T14:00:16.438Z", "last_modified": "2024-05-03T08:22:33.015Z", "image": "post_images/image-1600-883cb8285464ffce4ca361b712911a19_tMSsiMH.jpeg", "text": "<p>This is the first post here</p>\r\n\r\n<p>Lorem ipsum dolor, sit amet consectetur adipisicing elit. Officiis, aut expedita cum illum facere ipsa molestiae autem doloribus sint omnis reiciendis nisi in i psum praesentium voluptas accusamus suscipit repellendus laborum.</p>\r\n\r\n<div id=\"gtx-trans\" style=\"left:90px; position:absolute; top:-6px\">\r\n<div class=\"gtx-trans-icon\">&nbsp;</div>\r\n</div>", "liked": [4, 5]}}, {"model": "feed.post", "pk": 19, "fields": {"profile": 1, "created_at": "2024-04-26T14:09:37.530Z", "last_modified": "2024-05-02T09:37:08.326Z", "image": "post_images/liquid-marbling-paint-texture-background-fluid-painting-abstract-texture_FAYMjyf.jpg", "text": "<p>This is the second post here Lorem ipsum dolor, sit amet consectetur adipisicing elit. Officiis, aut expedita cum illum facere ipsa molestiae autem doloribus sint omnis reiciendis nisi in i psum praesentium voluptas accusamus suscipit repellendus laborum.</p>\n", "liked": [4]}}, {"model": "feed.post", "pk": 20, "fields": {"profile": 3, "created_at": "2024-04-26T14:12:26.566Z", "last_modified": "2024-05-02T21:53:26.846Z", "image": "post_images/PythonCodingBeginner_Hero.jpg", "text": "<h5>This is the third post here</h5> \n\n<pre><code>Lorem ipsum dolor, sit amet consectetur adipisicing elit.\n</code></pre>\n\n<p>Officiis, aut expedita cum illum facere ipsa molestiae autem doloribus sint omnis reiciendis nisi in i psum praesentium voluptas accusamus suscipit repellendus laborum.</p>\n", "liked": [2, 4, 5]}}, {"model": "feed.post", "pk": 21, "fields": {"profile": 6, "created_at": "2024-04-26T14:14:38.748Z", "last_modified": "2024-05-03T07:39:12.820Z", "image": "post_images/image-1600-883cb8285464ffce4ca361b712911a19_fcIEwti.jpeg", "text": "<p>This is the fourth post here </p>\n\n<p>Lorem ipsum dolor, sit amet consectetur adipisicing elit. Officiis, aut expedita cum illum facere ipsa molestiae autem doloribus sint omnis reiciendis nisi in i psum praesentium voluptas accusamus suscipit repellendus laborum.</p>\n", "liked": [2, 3, 4, 5]}}, {"model": "feed.post", "pk": 22, "fields": {"profile": 3, "created_at": "2024-05-03T07:58:30.640Z", "last_modified": "2024-05-03T08:11:42.924Z", "image": "", "text": "<p>Hello</p>\n", "liked": [2, 4]}}, {"model": "feed.post", "pk": 23, "fields": {"profile": 2, "created_at": "2024-05-03T08:02:23.084Z", "last_modified": "2024-05-03T08:27:40.853Z", "image": "", "text": "<p>Hello, guys \nHow are you doing today?</p>\n", "liked": [2, 4]}}, {"model": "feed.post", "pk": 28, "fields": {"profile": 4, "created_at": "2024-05-03T13:57:27.138Z", "last_modified": "2024-05-03T13:57:27.144Z", "image": "", "text": "<p>Hello</p>\n", "liked": []}}, {"model": "feed.like", "pk": 1, "fields": {"profile": 5, "post": 21, "value": "Like"}}, {"model": "feed.like", "pk": 2, "fields": {"profile": 5, "post": 20, "value": "Like"}}, {"model": "feed.like", "pk": 3, "fields": {"profile": 5, "post": 19, "value": "Unlike"}}, {"model": "feed.like", "pk": 4, "fields": {"profile": 5, "post": 18, "value": "Like"}}, {"model": "feed.like", "pk": 5, "fields": {"profile": 4, "post": 21, "value": "Like"}}, {"model": "feed.like", "pk": 6, "fields": {"profile": 4, "post": 20, "value": "Like"}}, {"model": "feed.like", "pk": 7, "fields": {"profile": 4, "post": 19, "value": "Like"}}, {"model": "feed.like", "pk": 8, "fields": {"profile": 2, "post": 20, "value": "Like"}}, {"model": "feed.like", "pk": 9, "fields": {"profile": 2, "post": 21, "value": "Like"}}, {"model": "feed.like", "pk": 10, "fields": {"profile": 3, "post": 21, "value": "Like"}}, {"model": "feed.like", "pk": 11, "fields": {"profile": 2, "post": 22, "value": "Like"}}, {"model": "feed.like", "pk": 12, "fields": {"profile": 2, "post": 23, "value": "Like"}}, {"model": "feed.like", "pk": 13, "fields": {"profile": 4, "post": 23, "value": "Like"}}, {"model": "feed.like", "pk": 14, "fields": {"profile": 4, "post": 22, "value": "Like"}}, {"model": "feed.like", "pk": 16, "fields": {"profile": 4, "post": 18, "value": "Like"}}, {"model": "feed.comment", "pk": 1, "fields": {"profile": 2, "text": "\"Hello, world\" in comments", "post": 21, "created_at": "2024-05-03T08:26:17.307Z", "last_modified": "2024-05-03T08:26:23.593Z"}}, {"model": "feed.comment", "pk": 2, "fields": {"profile": 2, "text": "This is the second comment on this website", "post": 20, "created_at": "2024-05-03T08:26:17.307Z", "last_modified": "2024-05-03T08:26:23.593Z"}}, {"model": "feed.comment", "pk": 3, "fields": {"profile": 3, "text": "This is a comment here", "post": 21, "created_at": "2024-05-03T08:26:17.307Z", "last_modified": "2024-05-03T08:26:23.593Z"}}, {"model": "feed.comment", "pk": 4, "fields": {"profile": 4, "text": "Hello, Oliver! Everything is fine. And u?", "post": 23, "created_at": "2024-05-03T08:26:17.307Z", "last_modified": "2024-05-03T08:26:23.593Z"}}, {"model": "marketplace.category", "pk": 1, "fields": {"name": "Books"}}, {"model": "marketplace.category", "pk": 2, "fields": {"name": "Cell Phones"}}, {"model": "marketplace.category", "pk": 3, "fields": {"name": "Clothes"}}, {"model": "marketplace.category", "pk": 4, "fields": {"name": "Furnitures"}}, {"model": "marketplace.category", "pk": 5, "fields": {"name": "Toys"}}, {"model": "marketplace.product", "pk": 1, "fields": {"name": "iPhone", "price": "999.99", "category": 2, "description": "iPhone include its sleek design, user-friendly interface powered by iOS (Apple's mobile operating system), high-quality cameras, and integration with various Apple services such as iCloud, Siri, and the App Store.", "image": "upload/products/iphone-15-pro-finish.jpeg", "is_sale": false, "sale_price": "0.00"}}, {"model": "marketplace.product", "pk": 2, "fields": {"name": "Google Pixel", "price": "799.99", "category": 2, "description": "Google Pixel smartphones are known for their exceptional camera quality, and the Pixel 4 line is no exception. They typically feature advanced camera systems with features like Night Sight for low-light photography.", "image": "upload/products/androidphones.jpg", "is_sale": false, "sale_price": "0.00"}}, {"model": "marketplace.product", "pk": 3, "fields": {"name": "Python: 2 Books in 1", "price": "27.58", "category": 1, "description": "Basic Programming & Machine Learning - The Comprehensive Guide to Learn and Apply Python Programming Language Using Best Practices and Advanced Features.", "image": "upload/products/Python_book.jpeg", "is_sale": false, "sale_price": "0.00"}}, {"model": "marketplace.product", "pk": 4, "fields": {"name": "PYTHON PROGRAMMING: 3 BOOKS IN 1:", "price": "75.99", "category": 1, "description": "You Are 1-Click Away From Learning The Ins And Outs Of Python Programming Language From The Basics To Its Application In Advanced Computing Concepts Like Machine Learning, Computer Science, Artificial Intelligence And More!", "image": "upload/products/Python_book2.jpg", "is_sale": false, "sale_price": "0.00"}}, {"model": "marketplace.product", "pk": 5, "fields": {"name": "Womenswear Collection", "price": "40.00", "category": 3, "description": "Women tend to have a broad perspective on picking their outfits. They have a sharp eye for detail that motivates them to examine every garment in the fashion collection. Getting even one bit wrong can put them off quickly.", "image": "upload/products/cloth2.jpeg", "is_sale": false, "sale_price": "0.00"}}, {"model": "marketplace.product", "pk": 6, "fields": {"name": "Men’s Clothes", "price": "35.00", "category": 3, "description": "When your closet needs an overhaul and you’re looking for where to buy men’s clothes, update your wardrobe this season at Gap. When you’re looking for easy, authentic, everyday pieces, Gap’s men’s clothing will unlock your unique personal style .", "image": "upload/products/cloth1.jpeg", "is_sale": false, "sale_price": "0.00"}}, {"model": "marketplace.product", "pk": 7, "fields": {"name": "Teddy Bear", "price": "50.00", "category": 5, "description": "Embrace the timeless allure of Steiff Teddy Bears – a collection that epitomizes over a century of plush perfection and craftsmanship. Each Teddy Bear in this exceptional range is a masterpiece meticulously crafted with the utmost care and attention.", "image": "upload/products/teddybaer-113512-4.jpg", "is_sale": false, "sale_price": "0.00"}}, {"model": "marketplace.product", "pk": 8, "fields": {"name": "Toy Train", "price": "47.99", "category": 5, "description": "FUN LITTLE Toy Train Set Classic Electric Train Toy Included 6 Cars and 11 Tracks with Lights and Sounds", "image": "upload/products/toytrain.jpg", "is_sale": false, "sale_price": "0.00"}}, {"model": "marketplace.product", "pk": 9, "fields": {"name": "Couch", "price": "699.00", "category": 4, "description": "If you look at the number of couches in great condition in consignment shops, second-hand places, and thrift stores, plenty of people decide to replace their couches simply because they want to redecorate.", "image": "upload/products/Couch.jpg", "is_sale": false, "sale_price": "0.00"}}, {"model": "marketplace.product", "pk": 10, "fields": {"name": "Arm Chair", "price": "280.00", "category": 4, "description": "Living Room Armchair, Side Chair with Armrests, Mid-Century Modern Leisure Chair Padded with Solid Wood Frame and Armrest, Fabric Reading Chair for Bedroom & Apartment.", "image": "upload/products/Arm_Chair.jpg", "is_sale": false, "sale_price": "0.00"}}]