[{"model": "feed.post", "pk": 18, "fields": {"profile": 2, "created_at": "2024-04-26T14:00:16.438Z", "last_modified": "2024-05-26T16:29:22.156Z", "image": "post_images/image-1600-883cb8285464ffce4ca361b712911a19_tMSsiMH.jpeg", "text": "<p>This is the first post here</p>\r\n\r\n<p>Lorem ipsum dolor, sit amet consectetur adipisicing elit. Officiis, aut expedita cum illum facere ipsa molestiae autem doloribus sint omnis reiciendis nisi in i psum praesentium voluptas accusamus suscipit repellendus laborum.</p>\r\n\r\n<div id=\"gtx-trans\" style=\"left:90px; position:absolute; top:-6px\">\r\n<div class=\"gtx-trans-icon\">&nbsp;</div>\r\n</div>", "liked": [5, 4, 3]}}, {"model": "feed.post", "pk": 19, "fields": {"profile": 1, "created_at": "2024-04-26T14:09:37.530Z", "last_modified": "2024-05-08T09:00:12.387Z", "image": "post_images/liquid-marbling-paint-texture-background-fluid-painting-abstract-texture_FAYMjyf.jpg", "text": "<p>This is the second post here Lorem ipsum dolor, sit amet consectetur adipisicing elit. Officiis, aut expedita cum illum facere ipsa molestiae autem doloribus sint omnis reiciendis nisi in i psum praesentium voluptas accusamus suscipit repellendus laborum.</p>\n", "liked": [2, 4, 6]}}, {"model": "feed.post", "pk": 20, "fields": {"profile": 3, "created_at": "2024-04-26T14:12:26.566Z", "last_modified": "2024-05-16T10:14:39.673Z", "image": "post_images/PythonCodingBeginner_Hero.jpg", "text": "<h5>This is the third post here</h5> \n\n<pre><code>Lorem ipsum dolor, sit amet consectetur adipisicing elit.\n</code></pre>\n\n<p>Officiis, aut expedita cum illum facere ipsa molestiae autem doloribus sint omnis reiciendis nisi in i psum praesentium voluptas accusamus suscipit repellendus laborum.</p>\n", "liked": [5, 2, 4]}}, {"model": "feed.post", "pk": 21, "fields": {"profile": 6, "created_at": "2024-04-26T14:14:38.748Z", "last_modified": "2024-05-14T20:24:46.786Z", "image": "post_images/image-1600-883cb8285464ffce4ca361b712911a19_fcIEwti.jpeg", "text": "<p>This is the fourth post here </p>\n\n<p>Lorem ipsum dolor, sit amet consectetur adipisicing elit. Officiis, aut expedita cum illum facere ipsa molestiae autem doloribus sint omnis reiciendis nisi in i psum praesentium voluptas accusamus suscipit repellendus laborum.</p>\n", "liked": [20, 5, 2, 4, 3]}}, {"model": "feed.post", "pk": 22, "fields": {"profile": 3, "created_at": "2024-05-03T07:58:30.640Z", "last_modified": "2024-05-26T16:34:33.748Z", "image": "", "text": "<p>Hello</p>\n", "liked": [5, 2, 4]}}, {"model": "feed.post", "pk": 23, "fields": {"profile": 2, "created_at": "2024-05-03T08:02:23.084Z", "last_modified": "2024-05-26T16:32:31.054Z", "image": "", "text": "<p>Hello, guys \nHow are you doing today?</p>\n", "liked": [2, 4, 3, 6]}}, {"model": "feed.post", "pk": 28, "fields": {"profile": 4, "created_at": "2024-05-03T13:57:27.138Z", "last_modified": "2024-05-26T16:28:53.142Z", "image": "", "text": "<p>Hello</p>\n", "liked": [20, 4, 6]}}, {"model": "feed.post", "pk": 31, "fields": {"profile": 11, "created_at": "2024-05-15T09:50:44.705Z", "last_modified": "2024-05-26T18:34:15.318Z", "image": "post_images/space20.png", "text": "<p>Hi everyone, check this picture out. Space is amazing</p>\n", "liked": [2, 4, 3, 11]}}, {"model": "feed.post", "pk": 32, "fields": {"profile": 11, "created_at": "2024-05-15T13:01:47.014Z", "last_modified": "2024-05-29T11:30:06.855Z", "image": "post_images/nyas-ebriefings-next-moon-landing-1024x682.jpg", "text": "<p>Our planet from the moon</p>\n", "liked": [3, 11]}}, {"model": "feed.like", "pk": 1, "fields": {"profile": 5, "post": 21, "value": "Like"}}, {"model": "feed.like", "pk": 2, "fields": {"profile": 5, "post": 20, "value": "Like"}}, {"model": "feed.like", "pk": 3, "fields": {"profile": 5, "post": 19, "value": "Unlike"}}, {"model": "feed.like", "pk": 4, "fields": {"profile": 5, "post": 18, "value": "Like"}}, {"model": "feed.like", "pk": 5, "fields": {"profile": 4, "post": 21, "value": "Like"}}, {"model": "feed.like", "pk": 6, "fields": {"profile": 4, "post": 20, "value": "Like"}}, {"model": "feed.like", "pk": 7, "fields": {"profile": 4, "post": 19, "value": "Like"}}, {"model": "feed.like", "pk": 8, "fields": {"profile": 2, "post": 20, "value": "Like"}}, {"model": "feed.like", "pk": 9, "fields": {"profile": 2, "post": 21, "value": "Like"}}, {"model": "feed.like", "pk": 10, "fields": {"profile": 3, "post": 21, "value": "Like"}}, {"model": "feed.like", "pk": 11, "fields": {"profile": 2, "post": 22, "value": "Like"}}, {"model": "feed.like", "pk": 12, "fields": {"profile": 2, "post": 23, "value": "Like"}}, {"model": "feed.like", "pk": 13, "fields": {"profile": 4, "post": 23, "value": "Like"}}, {"model": "feed.like", "pk": 14, "fields": {"profile": 4, "post": 22, "value": "Like"}}, {"model": "feed.like", "pk": 16, "fields": {"profile": 4, "post": 18, "value": "Like"}}, {"model": "feed.like", "pk": 17, "fields": {"profile": 6, "post": 19, "value": "Like"}}, {"model": "feed.like", "pk": 18, "fields": {"profile": 2, "post": 28, "value": "Unlike"}}, {"model": "feed.like", "pk": 19, "fields": {"profile": 2, "post": 19, "value": "Like"}}, {"model": "feed.like", "pk": 20, "fields": {"profile": 4, "post": 28, "value": "Like"}}, {"model": "feed.like", "pk": 21, "fields": {"profile": 3, "post": 22, "value": "Unlike"}}, {"model": "feed.like", "pk": 22, "fields": {"profile": 20, "post": 28, "value": "Like"}}, {"model": "feed.like", "pk": 23, "fields": {"profile": 20, "post": 21, "value": "Like"}}, {"model": "feed.like", "pk": 24, "fields": {"profile": 20, "post": 23, "value": "Unlike"}}, {"model": "feed.like", "pk": 25, "fields": {"profile": 11, "post": 32, "value": "Like"}}, {"model": "feed.like", "pk": 26, "fields": {"profile": 11, "post": 31, "value": "Like"}}, {"model": "feed.like", "pk": 27, "fields": {"profile": 11, "post": 23, "value": "Unlike"}}, {"model": "feed.like", "pk": 28, "fields": {"profile": 11, "post": 18, "value": "Unlike"}}, {"model": "feed.like", "pk": 29, "fields": {"profile": 11, "post": 28, "value": "Unlike"}}, {"model": "feed.like", "pk": 30, "fields": {"profile": 3, "post": 32, "value": "Like"}}, {"model": "feed.like", "pk": 31, "fields": {"profile": 3, "post": 31, "value": "Like"}}, {"model": "feed.like", "pk": 32, "fields": {"profile": 3, "post": 20, "value": "Unlike"}}, {"model": "feed.like", "pk": 33, "fields": {"profile": 3, "post": 28, "value": "Unlike"}}, {"model": "feed.like", "pk": 34, "fields": {"profile": 3, "post": 23, "value": "Like"}}, {"model": "feed.like", "pk": 35, "fields": {"profile": 3, "post": 18, "value": "Like"}}, {"model": "feed.like", "pk": 39, "fields": {"profile": 4, "post": 31, "value": "Like"}}, {"model": "feed.like", "pk": 41, "fields": {"profile": 2, "post": 32, "value": "Unlike"}}, {"model": "feed.like", "pk": 42, "fields": {"profile": 6, "post": 28, "value": "Like"}}, {"model": "feed.like", "pk": 43, "fields": {"profile": 6, "post": 23, "value": "Like"}}, {"model": "feed.like", "pk": 44, "fields": {"profile": 2, "post": 31, "value": "Like"}}, {"model": "feed.like", "pk": 45, "fields": {"profile": 2, "post": 18, "value": "Unlike"}}, {"model": "feed.like", "pk": 46, "fields": {"profile": 5, "post": 23, "value": "Unlike"}}, {"model": "feed.like", "pk": 47, "fields": {"profile": 5, "post": 22, "value": "Like"}}, {"model": "feed.comment", "pk": 1, "fields": {"profile": 2, "text": "\"Hello, world\" in comments", "post": 21, "created_at": "2024-05-03T08:26:17.307Z", "last_modified": "2024-05-03T08:26:23.593Z"}}, {"model": "feed.comment", "pk": 2, "fields": {"profile": 2, "text": "This is the second comment on this website", "post": 20, "created_at": "2024-05-03T08:26:17.307Z", "last_modified": "2024-05-03T08:26:23.593Z"}}, {"model": "feed.comment", "pk": 3, "fields": {"profile": 3, "text": "This is a comment here", "post": 21, "created_at": "2024-05-03T08:26:17.307Z", "last_modified": "2024-05-03T08:26:23.593Z"}}, {"model": "feed.comment", "pk": 4, "fields": {"profile": 4, "text": "Hello, Oliver! Everything is fine. And u?", "post": 23, "created_at": "2024-05-03T08:26:17.307Z", "last_modified": "2024-05-03T08:26:23.593Z"}}, {"model": "feed.comment", "pk": 5, "fields": {"profile": 2, "text": "Cool picture", "post": 19, "created_at": "2024-05-07T13:57:44.315Z", "last_modified": "2024-05-07T13:57:44.318Z"}}, {"model": "feed.comment", "pk": 6, "fields": {"profile": 2, "text": "Good afternoon! How are u today?", "post": 28, "created_at": "2024-05-07T13:59:30.597Z", "last_modified": "2024-05-07T13:59:30.599Z"}}, {"model": "feed.comment", "pk": 7, "fields": {"profile": 4, "text": "Cool photo", "post": 21, "created_at": "2024-05-08T09:54:03.992Z", "last_modified": "2024-05-08T09:54:03.995Z"}}, {"model": "feed.comment", "pk": 8, "fields": {"profile": 4, "text": "Hello, what's up?", "post": 22, "created_at": "2024-05-12T17:43:46.911Z", "last_modified": "2024-05-12T17:43:46.915Z"}}, {"model": "feed.comment", "pk": 9, "fields": {"profile": 3, "text": "Very well, and you?", "post": 22, "created_at": "2024-05-12T17:44:28.986Z", "last_modified": "2024-05-12T17:44:28.987Z"}}, {"model": "feed.comment", "pk": 10, "fields": {"profile": 20, "text": "Wow, cool", "post": 21, "created_at": "2024-05-14T20:24:52.642Z", "last_modified": "2024-05-14T20:24:52.649Z"}}, {"model": "feed.comment", "pk": 11, "fields": {"profile": 11, "text": "comment", "post": 31, "created_at": "2024-05-15T13:29:50.492Z", "last_modified": "2024-05-15T13:29:50.494Z"}}, {"model": "feed.comment", "pk": 15, "fields": {"profile": 3, "text": "Hi", "post": 23, "created_at": "2024-05-16T12:05:29.475Z", "last_modified": "2024-05-16T12:05:29.477Z"}}, {"model": "feed.comment", "pk": 16, "fields": {"profile": 3, "text": "test", "post": 23, "created_at": "2024-05-16T12:08:08.165Z", "last_modified": "2024-05-16T12:08:08.167Z"}}, {"model": "feed.comment", "pk": 18, "fields": {"profile": 3, "text": "Hello", "post": 28, "created_at": "2024-05-17T13:53:52.375Z", "last_modified": "2024-05-17T13:53:52.386Z"}}, {"model": "feed.comment", "pk": 19, "fields": {"profile": 4, "text": "Hello", "post": 31, "created_at": "2024-05-17T18:07:16.297Z", "last_modified": "2024-05-17T18:07:16.299Z"}}, {"model": "feed.comment", "pk": 22, "fields": {"profile": 6, "text": "Hello", "post": 23, "created_at": "2024-05-25T15:05:23.008Z", "last_modified": "2024-05-25T15:05:23.015Z"}}, {"model": "feed.comment", "pk": 23, "fields": {"profile": 3, "text": "Cool picture", "post": 32, "created_at": "2024-05-29T11:29:02.326Z", "last_modified": "2024-05-29T11:29:02.334Z"}}, {"model": "feed.comment", "pk": 24, "fields": {"profile": 11, "text": "Thank you", "post": 32, "created_at": "2024-05-29T11:30:14.232Z", "last_modified": "2024-05-29T11:30:14.261Z"}}]