[{"model": "marketplace.category", "pk": 1, "fields": {"name": "Books and Media"}}, {"model": "marketplace.category", "pk": 2, "fields": {"name": "Mobiles and Gadgets"}}, {"model": "marketplace.category", "pk": 3, "fields": {"name": "Fashion and Apparel"}}, {"model": "marketplace.category", "pk": 4, "fields": {"name": "Home and Furniture"}}, {"model": "marketplace.category", "pk": 5, "fields": {"name": "Toys & Games"}}, {"model": "marketplace.category", "pk": 6, "fields": {"name": "Sports and Fitness"}}, {"model": "marketplace.category", "pk": 7, "fields": {"name": "Pet Supplies"}}, {"model": "marketplace.category", "pk": 8, "fields": {"name": "Automotive and Parts"}}, {"model": "marketplace.category", "pk": 9, "fields": {"name": "Crafts and Hobbies"}}, {"model": "marketplace.category", "pk": 10, "fields": {"name": "Office Supplies and Stationery"}}, {"model": "marketplace.category", "pk": 11, "fields": {"name": "Other"}}, {"model": "marketplace.customer", "pk": 1, "fields": {"first_name": "Oliver", "last_name": "White", "phone": "", "email": "admin@gmail.com", "password": "pbkdf2_sha256$720000$GNepOuKVa5WPy29CPulotg$+0C7kubdV7HiMt/GLhjJliaD33HP7XIKQEcI6qIFf0M="}}, {"model": "marketplace.customer", "pk": 2, "fields": {"first_name": "Alex", "last_name": "Moore", "phone": "", "email": "alex@gmail.com", "password": "pbkdf2_sha256$720000$38xXOosdEL1C6GospmiXU1$9lQ38DGcD+GvwPLqdpu6NargTi8rZkGJRKHAT/wA1A8="}}, {"model": "marketplace.product", "pk": 10, "fields": {"name": "Apple-iphone-15-pro-max", "price": "600.00", "category": 2, "description": "iPhone include its sleek design, user-friendly interface powered by iOS (Apple's mobile operating system), high-quality cameras, and integration with various Apple services such as iCloud, Siri, and the App Store.", "image": "upload/products/81izs2I2UvL._AC_UF10001000_QL80_.jpg", "quantity": 10, "is_sale": false, "sale_price": "0.00", "seller": 7, "condition": "used"}}, {"model": "marketplace.product", "pk": 11, "fields": {"name": "Google Pixel 6 - Unlocked Android Smartphone with Advanced Pixel Camera", "price": "300.00", "category": 2, "description": "Pixel 8 is the helpful phone engineered by Google; the new Google Tensor G3 chip is custom-designed with Google AI for cutting-edge photo and video features and smarter ways to help[1] Unlocked Android 5G phone gives you the flexibility to change carriers and choose your own data plan[2]; it works with Google Fi, Verizon, T-Mobile, AT&T, and other major carriers Google Pixel 8 has a fully upgraded camera with advanced image processing to reveal vivid colors & striking details with Macro Focus.", "image": "upload/products/Google_Pixle.jpg", "quantity": 15, "is_sale": false, "sale_price": "0.00", "seller": 9, "condition": "used"}}, {"model": "marketplace.product", "pk": 13, "fields": {"name": "Samsung-Galaxy-S24-Ultra-5G-12-256GB", "price": "400.00", "category": 2, "description": "Products with electrical plugs are designed for use in the US. Outlets and voltage differ internationally and this product may require an adapter or converter for use in your destination. Please check compatibility before purchasing.", "image": "upload/products/Samsung-Galaxy-S24-Ultra-5G-12-256GB.jpg", "quantity": 5, "is_sale": false, "sale_price": "0.00", "seller": 7, "condition": "used"}}, {"model": "marketplace.product", "pk": 14, "fields": {"name": "Men's Short-Sleeve Golf Polo Shirts", "price": "24.98", "category": 3, "description": "MATERIAL: Made with 95% polyester and 5% spandex, our men's workout polo shirts are ultra soft against your skin, 4-way stretch, skin-friendly. Providing superior comfort all day long during activities. LIGHTWEIGHT & BREATHABLE: These golf shirts for men are extremely lightweight and breathable is designed to offer you have a fresh and nice wearing experience.", "image": "upload/products/Men_s-Polo-Shirts-Short-Sleeve-Cotton-Golf-Shirt-Casual-Collared-Shirt-L_LW8ETMv.jpg", "quantity": 4, "is_sale": false, "sale_price": "0.00", "seller": 7, "condition": "new"}}, {"model": "marketplace.product", "pk": 17, "fields": {"name": "Cat Harness and Leash for Walking, Escape Proof Soft Adjustable Vest Harnesses for Cats", "price": "14.98", "category": 7, "description": "Cat Harness with Leash, Fits Kittens: Neck Girth: 7.5 -9.8 Inches, Chest Girth: 11.2- 14.0 Inches. Please measure your cat carefully and refer to the size chart before order. Package includes: 1x Small Cat Walking Vest and 1x Walking Nylon Leash (150cm) Comfortable Outdoor Harness: This real comfy cat harness will snugly fit your feline friend's body, while still keeping him or her cool with its breathable air mesh. Soft and lightweight (approx. 100g), suitable for daily walking, jogging, training, and any outdoor recreations. Also a perfect comfort harness when you’re taking your kitty to an unfamiliar place, such as the vet or groomer", "image": "upload/products/Cat_Harness.jpg", "quantity": 5, "is_sale": false, "sale_price": "12.00", "seller": 10, "condition": "new"}}, {"model": "marketplace.product", "pk": 19, "fields": {"name": "Grey Modular Sectional Sofa Couch with Storage", "price": "175.00", "category": 4, "description": "【Versatility & Flexible Modular Sofa】couches and sofas sectional allows you to customize various configurations such as a typical L or U shape couch, update the colors and materials of your sofa covers, and change the direction of the seat frame freely. 【Built-in Storage Sofa】Every seat has a hidden large storage space which is large enough to place board games, blankets, pillows, decorations, and so on, helping to keep your room tidy. 【Interchangeable Armrest and Backrest】The armrest of modular sectional sofa is the same as backrest which means there is no need to distinguish which one is the armrest or backrest. It is convenient to rematch the modular sectional sofa and no need to worry ab", "image": "upload/products/Sofa_Couch.jpg", "quantity": 1, "is_sale": false, "sale_price": "0.00", "seller": 6, "condition": "used"}}, {"model": "marketplace.product", "pk": 20, "fields": {"name": "Office Chair with Footrest, High Back Computer Desk Chair", "price": "99.99", "category": 10, "description": "𝐁𝐫𝐞𝐚𝐭𝐡𝐚𝐛𝐥𝐞 𝐀𝐥𝐥 𝐌𝐞𝐬𝐡 𝐂𝐡𝐚𝐢𝐫- This ergonomic home office chair utilizes a distinct soft polyester elastic mesh for optimal ventilation, ensuring a cool and comfortable seating experience. The backrest and seat cushion are both constructed from mesh, setting it apart from classic office chairs. Our high back desk chair offers heightened comfort during hot seasons. Crafted from high-quality, highly elastic mesh material, this ergonomic computer chair exhibits durability and resilience, blending practicality with aesthetic appeal.", "image": "upload/products/Office_Chair.jpg", "quantity": 3, "is_sale": false, "sale_price": "0.00", "seller": 8, "condition": "used"}}, {"model": "marketplace.product", "pk": 21, "fields": {"name": "Easy One Touch 6 Universal Car Mount Dashboard & Windshield Suction Cup Phone Holder", "price": "10.99", "category": 2, "description": "Hands-free driving: Our cradle-type phone holder for car provides a safe and convenient way to keep your phone within reach while you drive. You can adjust the angle for maximum visibility and focus on the road ahead, thanks to our cell phone holder car and iPhone car mount. New larger Easy One Touch button, with a universal cradle that fits smartphones and cases of any size.", "image": "upload/products/CarMobile_holder.jpg", "quantity": 5, "is_sale": false, "sale_price": "0.00", "seller": 9, "condition": "new"}}, {"model": "marketplace.product", "pk": 23, "fields": {"name": "Gimbal Stabilizer for Smartphones, 3-Axis Phone Gimbal", "price": "50.00", "category": 2, "description": "Stay on Point with ActiveTrack 6.0 - With upgraded tracking tech, OM 6 sticks to your energetic kids or playful pets like glue. You can even make it track yourself! Become the star of your own film without needing anyone's help. Silky Smooth Shots with 3-Axis Stabilization - You know what ruins videos? Shaky footage! DJI OM 6 is here to help. This phone gimbal ensures super steady shots, even when you're on the move. Say hello to buttery-smooth videos!", "image": "upload/products/Gimble.jpg", "quantity": 1, "is_sale": false, "sale_price": "0.00", "seller": 10, "condition": "used"}}, {"model": "marketplace.product", "pk": 25, "fields": {"name": "Garment Bag for Travel, Convertible Carry on Garment Duffel Bag", "price": "49.92", "category": 3, "description": "CONVERTIBLE 2 IN 1 GARMENT BAG - This travel garment bag combines the garment bag and a duffle bag into one unit. You can convert this duffle bag for travel into a great hanging garment bag, and you will never have to worry about your suit or dress wrinkling due to improper storage when you are on a business trip or traveling. Can also fold the garment travel bag into flat to save space, super convenient. This carry on bag is perfect for your business or personal travel.", "image": "upload/products/Duffel_Bag.jpg", "quantity": 1, "is_sale": false, "sale_price": "0.00", "seller": 8, "condition": "new"}}, {"model": "marketplace.product", "pk": 26, "fields": {"name": "Pencil Holder For Desk", "price": "9.95", "category": 10, "description": "Cayxenful pen holder for desk can be rotated 360°, you can easily view and get items from all directions, very convenient, the high-quality roulette at the bottom makes the rotation very smooth, stable, and easy to rotate! Simply spin the pen organizer left or right to store or take out your things, this storage organizer allows you to keep all of your things within reach.", "image": "upload/products/Pencil_Holder.jpg", "quantity": 4, "is_sale": false, "sale_price": "0.00", "seller": 7, "condition": "new"}}, {"model": "marketplace.product", "pk": 27, "fields": {"name": "Binder Clips Assorted Sizes, Office Supplies File Clamps Paper", "price": "22.99", "category": 10, "description": "Package Includes: 208 PCS high quality black binder clips of 6 assorted sizes, in 6 transparent boxes, plastic container convenient for store and fetch, which can meet your different using needs. Great Material: Made of strong tempered steel, solid, durable and rust-resistant. Smooth powder coat finish and nickel plated handles allow paper clamps for continued use and reuse, clips spring back into shape when removed.", "image": "upload/products/Binder_Clips_.jpg", "quantity": 2, "is_sale": false, "sale_price": "0.00", "seller": 6, "condition": "new"}}, {"model": "marketplace.product", "pk": 28, "fields": {"name": "Strong Magnets for Crafts with Adhesive Backing,Ceramic Magnets Small Round Circle Magnets for Refri", "price": "6.95", "category": 9, "description": "90 Pcs Round Ceramic Magnets:The crafts Magnets manufactured according to the ISO 9001 quality standard are of high quality, resistant to demagnetization and oxidation.Diameter is 18mm(0.7\"), thickness is 3mm(0.12\"). Crafts magnets easy to use:Magnets with adhesive backing meet your different needs. Anti-scratching Design: These small round magnets disc with beveled edges can prevent surfaces from scratching.", "image": "upload/products/Magnets.jpg", "quantity": 12, "is_sale": false, "sale_price": "0.00", "seller": 9, "condition": "new"}}, {"model": "marketplace.product", "pk": 29, "fields": {"name": "Embroidery Kits for Beginners 4 Sets , Cross Stitch with Stamped Patterns and Instructions", "price": "16.99", "category": 9, "description": "【Complete Embroidery Starter Kits】: 2 x bamboo embroidery hoop 7.8 inch (20 cm), 4 x Embroidered cloth with pattern, 4 x color threads, 4 x instructions, 12 x embroidery needles, 1x scissor, 1x threaders, 1xSeam Ripper.The kit has all the tools you need for embroidery. No extra tools required, put your hands to work, and develop that beautiful embroidery work.", "image": "upload/products/Embroidery_.jpg", "quantity": 10, "is_sale": false, "sale_price": "0.00", "seller": 7, "condition": "new"}}, {"model": "marketplace.product", "pk": 30, "fields": {"name": "Car U-Clip", "price": "10.61", "category": 8, "description": "Universal Fit Kit - Up to 170 pieces of u-clips and screws in a plastic box, contains 4 sizes phillips screws, 5 sizes u-clips.It will be an excellent choice for vehicle repair with this set 【Excellent Material】- The u-clips are made of heat treated black oxide finished spring steel, and the phillips screws are made of zinc plated steel, durable, anti-wear, and anti-corrosion", "image": "upload/products/Car_U_clip.jpg", "quantity": 15, "is_sale": false, "sale_price": "0.00", "seller": 6, "condition": "new"}}, {"model": "marketplace.product", "pk": 32, "fields": {"name": "6 Pack Tactical Molle Car Seat Back Organizer", "price": "59.99", "category": 8, "description": "1*Tactical Molle Seat Back Organizer,1*Tactical Medical Pouch,1*Tactical Molle Admin Pouch with US Flag Patch and Keychain,1*Molle Admin Pouch,1*Double-layer Cell Phone Pouch,1*Tactical Waist Bag with Shoulder Straps.Ideal Birthday Gift for Man,Husband,Father,Boyfriend. Tactical Molle Seat Back Organizer with 5 different types of bags has a standard MOLLE strap design,which can be used alone or in combination, provides ample storage space, keeping your car clean and organized.", "image": "upload/products/81I9Gy-SqDL._AC_UF8941000_QL80_.jpg", "quantity": 12, "is_sale": false, "sale_price": "0.00", "seller": 7, "condition": "new"}}, {"model": "marketplace.shippingaddress", "pk": 1, "fields": {"user": 6, "shipping_full_name": "jack morgan", "shipping_email": "jackmorgan@gmail.com", "shipping_address1": "477 tower street", "shipping_address2": "", "city": "", "state": null, "zipcode": null, "country": ""}}, {"model": "marketplace.shippingaddress", "pk": 2, "fields": {"user": 6, "shipping_full_name": "Jack Morgan", "shipping_email": "jackmorgan@gmail.com", "shipping_address1": "14 tower street", "shipping_address2": "", "city": "", "state": null, "zipcode": null, "country": ""}}, {"model": "marketplace.shippingaddress", "pk": 3, "fields": {"user": 6, "shipping_full_name": "Jack Morgan", "shipping_email": "jackmorgan@gmail.com", "shipping_address1": "14 tower street", "shipping_address2": "", "city": "", "state": null, "zipcode": null, "country": ""}}, {"model": "marketplace.shippingaddress", "pk": 4, "fields": {"user": 6, "shipping_full_name": "Max", "shipping_email": "Max", "shipping_address1": "12 Max str", "shipping_address2": "", "city": "", "state": null, "zipcode": null, "country": ""}}, {"model": "marketplace.shippingaddress", "pk": 5, "fields": {"user": 6, "shipping_full_name": "Max", "shipping_email": "Max", "shipping_address1": "12 Max str", "shipping_address2": "", "city": "", "state": null, "zipcode": null, "country": ""}}, {"model": "marketplace.shippingaddress", "pk": 6, "fields": {"user": 6, "shipping_full_name": "Max", "shipping_email": "Max", "shipping_address1": "12 Max str", "shipping_address2": "", "city": "", "state": null, "zipcode": null, "country": ""}}, {"model": "marketplace.shippingaddress", "pk": 7, "fields": {"user": 6, "shipping_full_name": "Max", "shipping_email": "Max", "shipping_address1": "12 Max str", "shipping_address2": "", "city": "", "state": null, "zipcode": null, "country": ""}}, {"model": "marketplace.shippingaddress", "pk": 8, "fields": {"user": 6, "shipping_full_name": "Max", "shipping_email": "Max", "shipping_address1": "12 Max str", "shipping_address2": "", "city": "", "state": null, "zipcode": null, "country": ""}}, {"model": "marketplace.shippingaddress", "pk": 9, "fields": {"user": 6, "shipping_full_name": "Max", "shipping_email": "Max", "shipping_address1": "12 Max str", "shipping_address2": "", "city": "", "state": null, "zipcode": null, "country": ""}}, {"model": "marketplace.shippingaddress", "pk": 10, "fields": {"user": 6, "shipping_full_name": "Max", "shipping_email": "Max", "shipping_address1": "12 Max str", "shipping_address2": "", "city": "", "state": null, "zipcode": null, "country": ""}}, {"model": "marketplace.shippingaddress", "pk": 11, "fields": {"user": 6, "shipping_full_name": "Max", "shipping_email": "Max", "shipping_address1": "12 Max str", "shipping_address2": "", "city": "", "state": null, "zipcode": null, "country": ""}}, {"model": "marketplace.shippingaddress", "pk": 12, "fields": {"user": 6, "shipping_full_name": "Max", "shipping_email": "Max", "shipping_address1": "12 Max str", "shipping_address2": "", "city": "", "state": null, "zipcode": null, "country": ""}}, {"model": "marketplace.shippingaddress", "pk": 13, "fields": {"user": 6, "shipping_full_name": "Max", "shipping_email": "Max", "shipping_address1": "12 Max str", "shipping_address2": "", "city": "", "state": null, "zipcode": null, "country": ""}}, {"model": "marketplace.shippingaddress", "pk": 14, "fields": {"user": 6, "shipping_full_name": "Max", "shipping_email": "Max", "shipping_address1": "12 Max str", "shipping_address2": "", "city": "", "state": null, "zipcode": null, "country": ""}}, {"model": "marketplace.shippingaddress", "pk": 15, "fields": {"user": 6, "shipping_full_name": "Max", "shipping_email": "Max", "shipping_address1": "12 Max str", "shipping_address2": "", "city": "", "state": null, "zipcode": null, "country": ""}}, {"model": "marketplace.shippingaddress", "pk": 16, "fields": {"user": 6, "shipping_full_name": "Max", "shipping_email": "Max", "shipping_address1": "12 Max str", "shipping_address2": "", "city": "", "state": null, "zipcode": null, "country": ""}}, {"model": "marketplace.shippingaddress", "pk": 17, "fields": {"user": 7, "shipping_full_name": "Alex", "shipping_email": "Moore", "shipping_address1": "12 Test st.", "shipping_address2": "", "city": "", "state": null, "zipcode": null, "country": ""}}, {"model": "marketplace.shippingaddress", "pk": 18, "fields": {"user": 7, "shipping_full_name": "Max", "shipping_email": "Test", "shipping_address1": "12 Test st", "shipping_address2": "", "city": "", "state": null, "zipcode": null, "country": ""}}]