[{"model": "messaging.thread", "pk": 61, "fields": {"created": "2024-05-22T12:49:30.719Z", "updated": "2024-05-28T08:56:59.360Z", "participants": [6, 7]}}, {"model": "messaging.thread", "pk": 62, "fields": {"created": "2024-05-22T12:49:39.703Z", "updated": "2024-05-26T15:12:33.276Z", "participants": [24, 6]}}, {"model": "messaging.thread", "pk": 63, "fields": {"created": "2024-05-22T13:15:15.015Z", "updated": "2024-05-26T15:12:29.208Z", "participants": [25, 6]}}, {"model": "messaging.thread", "pk": 64, "fields": {"created": "2024-05-22T23:52:31.166Z", "updated": "2024-05-26T15:13:02.675Z", "participants": [8, 6]}}, {"model": "messaging.thread", "pk": 65, "fields": {"created": "2024-05-25T22:07:02.954Z", "updated": "2024-05-26T15:12:15.550Z", "participants": [10, 6]}}, {"model": "messaging.thread", "pk": 66, "fields": {"created": "2024-05-25T22:08:10.850Z", "updated": "2024-05-29T11:41:19.597Z", "participants": [10, 7]}}, {"model": "messaging.thread", "pk": 67, "fields": {"created": "2024-05-26T14:07:12.063Z", "updated": "2024-05-26T15:13:57.254Z", "participants": [9, 6]}}, {"model": "messaging.thread", "pk": 68, "fields": {"created": "2024-05-26T16:55:01.234Z", "updated": "2024-05-26T16:55:01.234Z", "participants": [9, 15]}}, {"model": "messaging.thread", "pk": 69, "fields": {"created": "2024-05-28T08:58:11.012Z", "updated": "2024-05-28T08:58:40.528Z", "participants": [5, 6]}}, {"model": "messaging.thread", "pk": 70, "fields": {"created": "2024-05-29T10:56:47.404Z", "updated": "2024-05-29T10:56:47.404Z", "participants": [22, 7]}}, {"model": "messaging.thread", "pk": 71, "fields": {"created": "2024-05-29T21:54:34.533Z", "updated": "2024-05-29T22:27:27.824Z", "participants": [15, 7]}}, {"model": "messaging.message", "pk": 122, "fields": {"thread": 61, "sender": 6, "content": "1", "timestamp": "2024-05-22T12:49:33.608Z"}}, {"model": "messaging.message", "pk": 123, "fields": {"thread": 62, "sender": 6, "content": "1", "timestamp": "2024-05-22T12:49:41.479Z"}}, {"model": "messaging.message", "pk": 124, "fields": {"thread": 61, "sender": 7, "content": "Hello", "timestamp": "2024-05-22T13:08:48.752Z"}}, {"model": "messaging.message", "pk": 125, "fields": {"thread": 61, "sender": 6, "content": "hi", "timestamp": "2024-05-22T13:09:14.642Z"}}, {"model": "messaging.message", "pk": 126, "fields": {"thread": 61, "sender": 7, "content": "4", "timestamp": "2024-05-22T13:14:30.492Z"}}, {"model": "messaging.message", "pk": 127, "fields": {"thread": 63, "sender": 6, "content": "hi", "timestamp": "2024-05-22T13:15:18.423Z"}}, {"model": "messaging.message", "pk": 128, "fields": {"thread": 61, "sender": 6, "content": "5", "timestamp": "2024-05-22T13:32:08.677Z"}}, {"model": "messaging.message", "pk": 129, "fields": {"thread": 61, "sender": 6, "content": "1", "timestamp": "2024-05-22T13:36:08.685Z"}}, {"model": "messaging.message", "pk": 130, "fields": {"thread": 61, "sender": 7, "content": "dsfdsfdsfds ds ds gdsds gdsgdsgdsgdsg", "timestamp": "2024-05-22T14:02:21.883Z"}}, {"model": "messaging.message", "pk": 131, "fields": {"thread": 61, "sender": 6, "content": "lkfjds ldsjflds f kdshfkjdshfkjds", "timestamp": "2024-05-22T14:03:12.778Z"}}, {"model": "messaging.message", "pk": 132, "fields": {"thread": 61, "sender": 6, "content": "dfdsfdsfds fdsfdsfdsf", "timestamp": "2024-05-22T14:08:16.390Z"}}, {"model": "messaging.message", "pk": 133, "fields": {"thread": 61, "sender": 7, "content": "Coooool", "timestamp": "2024-05-22T14:31:23.886Z"}}, {"model": "messaging.message", "pk": 134, "fields": {"thread": 61, "sender": 7, "content": "Hey", "timestamp": "2024-05-22T14:31:29.721Z"}}, {"model": "messaging.message", "pk": 135, "fields": {"thread": 61, "sender": 6, "content": "Wow", "timestamp": "2024-05-22T14:32:21.416Z"}}, {"model": "messaging.message", "pk": 136, "fields": {"thread": 63, "sender": 6, "content": "23", "timestamp": "2024-05-22T21:36:59.116Z"}}, {"model": "messaging.message", "pk": 137, "fields": {"thread": 61, "sender": 6, "content": "1", "timestamp": "2024-05-22T21:58:06.913Z"}}, {"model": "messaging.message", "pk": 138, "fields": {"thread": 61, "sender": 7, "content": "we", "timestamp": "2024-05-22T23:51:31.251Z"}}, {"model": "messaging.message", "pk": 139, "fields": {"thread": 64, "sender": 6, "content": "Hello", "timestamp": "2024-05-22T23:56:45.102Z"}}, {"model": "messaging.message", "pk": 140, "fields": {"thread": 64, "sender": 6, "content": "How are you?", "timestamp": "2024-05-22T23:56:56.723Z"}}, {"model": "messaging.message", "pk": 141, "fields": {"thread": 64, "sender": 8, "content": "Hello", "timestamp": "2024-05-22T23:57:17.766Z"}}, {"model": "messaging.message", "pk": 142, "fields": {"thread": 64, "sender": 8, "content": "I am fine", "timestamp": "2024-05-22T23:57:35.065Z"}}, {"model": "messaging.message", "pk": 143, "fields": {"thread": 64, "sender": 8, "content": "Thanks", "timestamp": "2024-05-22T23:57:43.364Z"}}, {"model": "messaging.message", "pk": 144, "fields": {"thread": 64, "sender": 8, "content": "And how are you?", "timestamp": "2024-05-22T23:57:51.173Z"}}, {"model": "messaging.message", "pk": 145, "fields": {"thread": 61, "sender": 7, "content": "Hi", "timestamp": "2024-05-22T23:58:50.225Z"}}, {"model": "messaging.message", "pk": 146, "fields": {"thread": 64, "sender": 6, "content": "I am good :)", "timestamp": "2024-05-23T00:00:00.807Z"}}, {"model": "messaging.message", "pk": 147, "fields": {"thread": 65, "sender": 6, "content": "Hello", "timestamp": "2024-05-25T22:07:10.647Z"}}, {"model": "messaging.message", "pk": 148, "fields": {"thread": 65, "sender": 6, "content": "How are you", "timestamp": "2024-05-25T22:07:17.958Z"}}, {"model": "messaging.message", "pk": 149, "fields": {"thread": 66, "sender": 7, "content": "Hi man", "timestamp": "2024-05-25T22:08:17.446Z"}}, {"model": "messaging.message", "pk": 150, "fields": {"thread": 66, "sender": 7, "content": "How are you doing?", "timestamp": "2024-05-25T22:08:32.915Z"}}, {"model": "messaging.message", "pk": 151, "fields": {"thread": 66, "sender": 10, "content": "Hi man, I'm good, and u?", "timestamp": "2024-05-25T22:15:57.850Z"}}, {"model": "messaging.message", "pk": 152, "fields": {"thread": 67, "sender": 9, "content": "Hello", "timestamp": "2024-05-26T14:07:22.323Z"}}, {"model": "messaging.message", "pk": 153, "fields": {"thread": 67, "sender": 6, "content": "Hello", "timestamp": "2024-05-26T14:08:33.688Z"}}, {"model": "messaging.message", "pk": 154, "fields": {"thread": 67, "sender": 9, "content": "How are you??", "timestamp": "2024-05-26T14:10:31.601Z"}}, {"model": "messaging.message", "pk": 155, "fields": {"thread": 67, "sender": 6, "content": "I'm fine. And you?", "timestamp": "2024-05-26T14:16:42.118Z"}}, {"model": "messaging.message", "pk": 156, "fields": {"thread": 67, "sender": 9, "content": "Good, thanks", "timestamp": "2024-05-26T15:02:55.923Z"}}, {"model": "messaging.message", "pk": 157, "fields": {"thread": 67, "sender": 9, "content": "Where are you now?", "timestamp": "2024-05-26T15:04:55.185Z"}}, {"model": "messaging.message", "pk": 158, "fields": {"thread": 65, "sender": 6, "content": "test", "timestamp": "2024-05-26T15:12:15.548Z"}}, {"model": "messaging.message", "pk": 159, "fields": {"thread": 63, "sender": 6, "content": "test", "timestamp": "2024-05-26T15:12:29.206Z"}}, {"model": "messaging.message", "pk": 160, "fields": {"thread": 62, "sender": 6, "content": "test", "timestamp": "2024-05-26T15:12:33.274Z"}}, {"model": "messaging.message", "pk": 161, "fields": {"thread": 61, "sender": 6, "content": "test", "timestamp": "2024-05-26T15:12:39.150Z"}}, {"model": "messaging.message", "pk": 162, "fields": {"thread": 64, "sender": 6, "content": "test", "timestamp": "2024-05-26T15:13:02.673Z"}}, {"model": "messaging.message", "pk": 163, "fields": {"thread": 67, "sender": 6, "content": "I'm in Paris now", "timestamp": "2024-05-26T15:13:57.252Z"}}, {"model": "messaging.message", "pk": 164, "fields": {"thread": 61, "sender": 7, "content": "Hello", "timestamp": "2024-05-28T08:56:59.358Z"}}, {"model": "messaging.message", "pk": 165, "fields": {"thread": 69, "sender": 5, "content": "Hello", "timestamp": "2024-05-28T08:58:16.129Z"}}, {"model": "messaging.message", "pk": 166, "fields": {"thread": 69, "sender": 6, "content": "Hello", "timestamp": "2024-05-28T08:58:40.526Z"}}, {"model": "messaging.message", "pk": 167, "fields": {"thread": 66, "sender": 7, "content": "Hi again, how are you today?", "timestamp": "2024-05-29T11:40:12.225Z"}}, {"model": "messaging.message", "pk": 168, "fields": {"thread": 66, "sender": 10, "content": "Hi, I am very good", "timestamp": "2024-05-29T11:41:13.612Z"}}, {"model": "messaging.message", "pk": 169, "fields": {"thread": 66, "sender": 10, "content": "And you", "timestamp": "2024-05-29T11:41:19.591Z"}}, {"model": "messaging.message", "pk": 170, "fields": {"thread": 71, "sender": 7, "content": "Hello", "timestamp": "2024-05-29T22:26:47.383Z"}}, {"model": "messaging.message", "pk": 171, "fields": {"thread": 71, "sender": 7, "content": "How are you", "timestamp": "2024-05-29T22:26:52.204Z"}}, {"model": "messaging.message", "pk": 172, "fields": {"thread": 71, "sender": 15, "content": "Hello", "timestamp": "2024-05-29T22:27:20.963Z"}}, {"model": "messaging.message", "pk": 173, "fields": {"thread": 71, "sender": 15, "content": "I am fine", "timestamp": "2024-05-29T22:27:27.821Z"}}, {"model": "messaging.threaduser", "pk": 69, "fields": {"user": 6, "thread": 61, "last_read": "2024-05-28T07:50:10.850Z", "unread_count": 0}}, {"model": "messaging.threaduser", "pk": 70, "fields": {"user": 7, "thread": 61, "last_read": "2024-05-29T21:11:16.772Z", "unread_count": 0}}, {"model": "messaging.threaduser", "pk": 71, "fields": {"user": 6, "thread": 62, "last_read": "2024-05-26T15:12:33.305Z", "unread_count": 0}}, {"model": "messaging.threaduser", "pk": 72, "fields": {"user": 24, "thread": 62, "last_read": "2024-05-22T12:49:39.709Z", "unread_count": 1}}, {"model": "messaging.threaduser", "pk": 73, "fields": {"user": 6, "thread": 63, "last_read": "2024-05-26T15:12:29.243Z", "unread_count": 0}}, {"model": "messaging.threaduser", "pk": 74, "fields": {"user": 25, "thread": 63, "last_read": "2024-05-22T13:15:15.023Z", "unread_count": 1}}, {"model": "messaging.threaduser", "pk": 75, "fields": {"user": 6, "thread": 64, "last_read": "2024-05-26T15:13:02.707Z", "unread_count": 0}}, {"model": "messaging.threaduser", "pk": 76, "fields": {"user": 8, "thread": 64, "last_read": "2024-05-22T23:57:51.201Z", "unread_count": 0}}, {"model": "messaging.threaduser", "pk": 77, "fields": {"user": 6, "thread": 65, "last_read": "2024-05-28T07:50:18.562Z", "unread_count": 0}}, {"model": "messaging.threaduser", "pk": 78, "fields": {"user": 10, "thread": 65, "last_read": "2024-05-25T22:07:02.961Z", "unread_count": 1}}, {"model": "messaging.threaduser", "pk": 79, "fields": {"user": 7, "thread": 66, "last_read": "2024-05-29T11:43:22.789Z", "unread_count": 0}}, {"model": "messaging.threaduser", "pk": 80, "fields": {"user": 10, "thread": 66, "last_read": "2024-05-29T11:41:19.671Z", "unread_count": 0}}, {"model": "messaging.threaduser", "pk": 81, "fields": {"user": 9, "thread": 67, "last_read": "2024-05-26T15:15:25.674Z", "unread_count": 0}}, {"model": "messaging.threaduser", "pk": 82, "fields": {"user": 6, "thread": 67, "last_read": "2024-05-27T21:48:55.229Z", "unread_count": 0}}, {"model": "messaging.threaduser", "pk": 83, "fields": {"user": 9, "thread": 68, "last_read": "2024-05-26T17:04:08.514Z", "unread_count": 0}}, {"model": "messaging.threaduser", "pk": 84, "fields": {"user": 15, "thread": 68, "last_read": "2024-05-26T16:55:01.243Z", "unread_count": 1}}, {"model": "messaging.threaduser", "pk": 85, "fields": {"user": 5, "thread": 69, "last_read": "2024-05-28T08:58:16.161Z", "unread_count": 0}}, {"model": "messaging.threaduser", "pk": 86, "fields": {"user": 6, "thread": 69, "last_read": "2024-05-28T08:58:40.569Z", "unread_count": 0}}, {"model": "messaging.threaduser", "pk": 87, "fields": {"user": 7, "thread": 70, "last_read": "2024-05-29T10:56:47.448Z", "unread_count": 0}}, {"model": "messaging.threaduser", "pk": 88, "fields": {"user": 22, "thread": 70, "last_read": "2024-05-29T10:56:47.413Z", "unread_count": 1}}, {"model": "messaging.threaduser", "pk": 89, "fields": {"user": 7, "thread": 71, "last_read": "2024-05-29T22:27:53.640Z", "unread_count": 0}}, {"model": "messaging.threaduser", "pk": 90, "fields": {"user": 15, "thread": 71, "last_read": "2024-05-29T22:27:27.853Z", "unread_count": 0}}]