[{"model": "user.userprofile", "pk": 1, "fields": {"user": 5, "date_of_modified": "2024-05-28T08:57:48.286Z", "date_of_birth": "1995-01-16", "gender": "MALE", "phone": "+4915538885544", "location": "Berlin", "image": "user_images/87f8c575-c8d0-4ea1-862f-465ba9a0f6ab_1.jpeg", "description": "Hi, I am Max. I'm learning programming and wont to tell you little bit about it.", "background_image": "background_images/dummy_background_img.jpg"}}, {"model": "user.userprofile", "pk": 2, "fields": {"user": 6, "date_of_modified": "2024-05-28T08:58:32.951Z", "date_of_birth": "1998-11-15", "gender": "MALE", "phone": "+4915425468595", "location": "Paris", "image": "user_images/360_F_224869519_aRaeLneqALfPNBzg0xxMZXghtvBXkfIA_1.jpg", "description": null, "background_image": "background_images/dummy_background_img.jpg"}}, {"model": "user.userprofile", "pk": 3, "fields": {"user": 7, "date_of_modified": "2024-05-29T22:22:22.812Z", "date_of_birth": "1992-05-22", "gender": "MALE", "phone": null, "location": "Berlin", "image": "user_images/dark-haired-man-in-brown-leather-jacket_1.jpg", "description": "Hello, my name is Alex", "background_image": "background_images/Milky_way.jpeg"}}, {"model": "user.userprofile", "pk": 4, "fields": {"user": 8, "date_of_modified": "2024-05-25T18:45:11.479Z", "date_of_birth": "1997-02-12", "gender": "MALE", "phone": null, "location": "London", "image": "user_images/istockphoto-1388645967-612x612_eT80SGh.jpg", "description": null, "background_image": "background_images/PythonCodingBeginner_Hero.jpg"}}, {"model": "user.userprofile", "pk": 5, "fields": {"user": 9, "date_of_modified": "2024-05-26T13:43:26.105Z", "date_of_birth": "1993-02-06", "gender": "MALE", "phone": null, "location": "Warsaw", "image": "user_images/360_F_214746128_31JkeaP6rU0NzzzdFC4khGkmqc8noe6h_1.jpg", "description": null, "background_image": "background_images/dummy_background_img.jpg"}}, {"model": "user.userprofile", "pk": 6, "fields": {"user": 10, "date_of_modified": "2024-05-29T11:40:31.469Z", "date_of_birth": "1996-01-09", "gender": "MALE", "phone": null, "location": "Prague", "image": "user_images/360_F_325735908_TkxHU7okor9CTWHBhkGfdRumONWfIDEb_1.jpg", "description": null, "background_image": "background_images/dummy_background_img.jpg"}}, {"model": "user.userprofile", "pk": 7, "fields": {"user": 11, "date_of_modified": "2024-05-14T20:23:56.855Z", "date_of_birth": "1995-09-12", "gender": "FEMALE", "phone": "+493652468952", "location": "Berlin", "image": "user_images/9564e65289ac40fce1c2c5ed21.png", "description": "Olivia is a passionate artist who loves expressing herself through various forms of creativity. She enjoys exploring new cultures and cuisines, always seeking inspiration for her next masterpiece", "background_image": "background_images/dummy_background_img.jpg"}}, {"model": "user.userprofile", "pk": 8, "fields": {"user": 12, "date_of_modified": "2024-05-14T20:23:35.816Z", "date_of_birth": "1990-03-25", "gender": "FEMALE", "phone": null, "location": "Berlin", "image": "user_images/woman-manager-256x256.jpg", "description": "Sophia is a dedicated environmentalist, advocating for sustainable living and conservation efforts. She finds joy in outdoor activities like hiking and gardening, connecting with nature whenever possible", "background_image": "background_images/dummy_background_img.jpg"}}, {"model": "user.userprofile", "pk": 9, "fields": {"user": 13, "date_of_modified": "2024-05-14T20:23:03.924Z", "date_of_birth": "1988-11-17", "gender": "FEMALE", "phone": null, "location": "Paris", "image": "user_images/2ef04e5770ad32346026739fad.jpg", "description": "Ava is a fitness enthusiast who enjoys challenging herself with new workout routines. She is also a foodie at heart, often experimenting with healthy recipes in her kitchen", "background_image": "background_images/dummy_background_img.jpg"}}, {"model": "user.userprofile", "pk": 10, "fields": {"user": 14, "date_of_modified": "2024-05-14T20:22:45.106Z", "date_of_birth": "1987-06-03", "gender": "FEMALE", "phone": null, "location": "Berlin", "image": "user_images/v3_0216215.jpg", "description": "Emma is a bookworm who can often be found lost in the pages of a novel, exploring different worlds through literature. She has a keen interest in photography, capturing moments that inspire her along her journeys", "background_image": "background_images/dummy_background_img.jpg"}}, {"model": "user.userprofile", "pk": 11, "fields": {"user": 15, "date_of_modified": "2024-05-29T22:11:27.879Z", "date_of_birth": "1993-12-08", "gender": "FEMALE", "phone": "+4915685524586", "location": "Paris", "image": "user_images/images_1.jpeg", "description": "I'm a very social, always surrounded by close people, cherishing every moment spent together. I have a knack for languages and enjoys learning phrases from different cultures, adding a colorful touch to my conversations", "background_image": "background_images/space20.png"}}, {"model": "user.userprofile", "pk": 12, "fields": {"user": 16, "date_of_modified": "2024-05-14T20:22:03.718Z", "date_of_birth": "1998-04-21", "gender": "FEMALE", "phone": "+4925865241526", "location": "Berlin", "image": "user_images/Maike_Currie.jpg", "description": "Mia is a music enthusiast with a diverse taste, from classical symphonies to modern beats, finding inspiration in melodies that resonate with her soul. She is also an advocate for mental health awareness, striving to spread positivity and support within her community", "background_image": "background_images/dummy_background_img.jpg"}}, {"model": "user.userprofile", "pk": 13, "fields": {"user": 17, "date_of_modified": "2024-05-14T20:21:18.280Z", "date_of_birth": "1992-08-30", "gender": "FEMALE", "phone": null, "location": "Paris", "image": "user_images/7d1c07_c44b965158ec4d3dbdf604973b757af1mv2.jpg", "description": "Charlotte is a passionate traveler, always seeking new adventures and cultural experiences to broaden her horizons. She finds solace in nature, often going on hikes or picnics to recharge her spirit amidst the beauty of the outdoors", "background_image": "background_images/dummy_background_img.jpg"}}, {"model": "user.userprofile", "pk": 14, "fields": {"user": 18, "date_of_modified": "2024-05-14T20:21:00.756Z", "date_of_birth": "1985-02-14", "gender": "FEMALE", "phone": null, "location": "Paris", "image": "user_images/images.jpeg", "description": "Amelia is a dedicated volunteer, lending her time and efforts to various causes close to her heart, making a positive impact in her community. She finds joy in simple pleasures like baking treats for her loved ones, spreading warmth and happiness wherever she goes", "background_image": "background_images/dummy_background_img.jpg"}}, {"model": "user.userprofile", "pk": 16, "fields": {"user": 20, "date_of_modified": "2024-05-21T00:18:16.101Z", "date_of_birth": "1976-10-05", "gender": "FEMALE", "phone": "+4915785648596", "location": "Berlin", "image": "user_images/Tammy_Duckworth.jpg", "description": "Harper is a technology enthusiast, always staying updated with the latest gadgets and innovations, fascinated by the endless possibilities they offer. He is also an avid gamer, enjoying immersive virtual experiences that transport him to different realms of adventure and excitement", "background_image": "background_images/dummy_background_img.jpg"}}, {"model": "user.userprofile", "pk": 17, "fields": {"user": 21, "date_of_modified": "2024-05-14T20:19:48.262Z", "date_of_birth": "1991-07-19", "gender": "FEMALE", "phone": "+4952875689452", "location": "Paris", "image": "user_images/melanie-zingl.256x256.jpg", "description": "Evelyn is a dedicated advocate for animal rights, dedicating her time to volunteer work at shelters and promoting compassion towards all living beings. She finds tranquility in yoga and meditation, nurturing her mind and body to maintain inner balance and harmony", "background_image": "background_images/dummy_background_img.jpg"}}, {"model": "user.userprofile", "pk": 18, "fields": {"user": 22, "date_of_modified": "2024-05-14T20:16:27.218Z", "date_of_birth": "1989-05-28", "gender": "MALE", "phone": "+4915285635485", "location": "Berlin", "image": "user_images/michael-diehen.256x256.jpg", "description": "Liam is an adventure seeker, always on the lookout for adrenaline-pumping activities like skydiving or bungee jumping, embracing the thrill of the unknown. He is also a sports enthusiast, cheering for his favorite teams with unwavering passion and dedication", "background_image": "background_images/dummy_background_img.jpg"}}, {"model": "user.userprofile", "pk": 19, "fields": {"user": 23, "date_of_modified": "2024-05-14T20:15:50.961Z", "date_of_birth": "1997-02-10", "gender": "MALE", "phone": "+4952865483525", "location": "Paris", "image": "user_images/thorsten-campehl.256x256.jpg", "description": "Noah is a tech-savvy entrepreneur, constantly brainstorming ideas for innovative startups that could revolutionize industries. He enjoys intellectual discussions and debates, embracing different perspectives to broaden his understanding of the world around him", "background_image": "background_images/dummy_background_img.jpg"}}, {"model": "user.userprofile", "pk": 20, "fields": {"user": 24, "date_of_modified": "2024-05-14T20:13:23.328Z", "date_of_birth": "1994-10-22", "gender": "MALE", "phone": null, "location": "Paris", "image": "user_images/com.nigeria.men.african.fashion.latest2023-e8fd906c-097b-4d4d-8631-826cbcc8_wfi0LGq.webp", "description": "William is a nature lover, finding peace and serenity in the tranquil beauty of forests and mountains, where he often goes camping to disconnect from the hustle and bustle of city life. He is also a history buff, fascinated by tales of ancient civilizations and their enduring legacies", "background_image": "background_images/dummy_background_img.jpg"}}, {"model": "user.userprofile", "pk": 21, "fields": {"user": 25, "date_of_modified": "2024-05-24T11:50:14.631Z", "date_of_birth": "1986-03-14", "gender": "MALE", "phone": null, "location": "Berlin", "image": "user_images/marcel-neitzer.256x256.jpg", "description": "James is a dedicated philanthropist, actively involved in charitable endeavors aimed at uplifting underprivileged communities and providing opportunities for a brighter future. He finds joy in playing musical instruments, expressing his emotions through melodies that resonate with his soul", "background_image": "background_images/dummy_background_img.jpg"}}, {"model": "user.userprofile", "pk": 22, "fields": {"user": 26, "date_of_modified": "2024-05-14T20:11:14.973Z", "date_of_birth": "1990-09-07", "gender": "MALE", "phone": "+491526852459", "location": "Paris", "image": "user_images/marcel-dammler.256x256.jpg", "description": "Oliver is an aspiring chef, experimenting with flavors and culinary techniques to create delectable dishes that tantalize the taste buds. He is also an avid traveler, exploring new destinations and immersing himself in the rich cultures and traditions they offer", "background_image": "background_images/dummy_background_img.jpg"}}, {"model": "user.userprofile", "pk": 23, "fields": {"user": 27, "date_of_modified": "2024-05-30T15:43:20.320Z", "date_of_birth": null, "gender": null, "phone": null, "location": null, "image": "user_images/dummy-profile-picture.png", "description": null, "background_image": "background_images/dummy_background_img.jpg"}}, {"model": "user.album", "pk": 1, "fields": {"profile": 3, "title": "My album", "description": "", "created_at": "2024-05-14T11:55:15.123Z", "updated_at": "2024-05-27T20:04:49.761Z"}}, {"model": "user.album", "pk": 2, "fields": {"profile": 3, "title": "Second album", "description": "", "created_at": "2024-05-25T22:28:02.774Z", "updated_at": "2024-05-27T20:05:01.636Z"}}, {"model": "user.photo", "pk": 1, "fields": {"album": 1, "image": "album_photos/dark-haired-man-in-brown-leather-jacket_1.jpg", "description": "", "created_at": "2024-05-14T11:55:38.274Z"}}, {"model": "user.photo", "pk": 2, "fields": {"album": 1, "image": "album_photos/image-1600-883cb8285464ffce4ca361b712911a19.jpeg", "description": "", "created_at": "2024-05-14T11:55:52.630Z"}}, {"model": "user.photo", "pk": 3, "fields": {"album": 2, "image": "album_photos/space20.png", "description": "", "created_at": "2024-05-25T22:28:15.204Z"}}, {"model": "user.photo", "pk": 4, "fields": {"album": 2, "image": "album_photos/nyas-ebriefings-next-moon-landing-1024x682.jpg", "description": "", "created_at": "2024-05-25T22:28:23.182Z"}}, {"model": "user.photo", "pk": 5, "fields": {"album": 2, "image": "album_photos/what-is-github-1-1_hJXtZkM.png", "description": "", "created_at": "2024-05-25T22:28:55.628Z"}}, {"model": "user.photo", "pk": 7, "fields": {"album": 2, "image": "album_photos/svenja-ostwald.256x256.jpg", "description": "", "created_at": "2024-05-26T18:08:11.758Z"}}, {"model": "user.photo", "pk": 8, "fields": {"album": 2, "image": "album_photos/9564e65289ac40fce1c2c5ed21.png", "description": "", "created_at": "2024-05-26T18:08:19.119Z"}}, {"model": "user.photo", "pk": 9, "fields": {"album": 2, "image": "album_photos/images_1.jpeg", "description": "", "created_at": "2024-05-26T18:08:48.152Z"}}, {"model": "user.photo", "pk": 10, "fields": {"album": 2, "image": "album_photos/urn_ard_image_58f2d370f649735c.jpeg", "description": "", "created_at": "2024-05-27T14:20:24.817Z"}}, {"model": "user.photo", "pk": 11, "fields": {"album": 2, "image": "album_photos/woman-manager-256x256.jpg", "description": "", "created_at": "2024-05-27T14:20:39.067Z"}}, {"model": "user.subscription", "pk": 18, "fields": {"subscriber": 3, "subscribed_to": 2}}, {"model": "user.subscription", "pk": 25, "fields": {"subscriber": 3, "subscribed_to": 22}}, {"model": "user.subscription", "pk": 28, "fields": {"subscriber": 3, "subscribed_to": 4}}, {"model": "user.subscription", "pk": 32, "fields": {"subscriber": 3, "subscribed_to": 14}}, {"model": "user.subscription", "pk": 38, "fields": {"subscriber": 2, "subscribed_to": 20}}, {"model": "user.subscription", "pk": 39, "fields": {"subscriber": 2, "subscribed_to": 21}}, {"model": "user.subscription", "pk": 41, "fields": {"subscriber": 2, "subscribed_to": 22}}, {"model": "user.subscription", "pk": 42, "fields": {"subscriber": 2, "subscribed_to": 13}}, {"model": "user.subscription", "pk": 45, "fields": {"subscriber": 2, "subscribed_to": 3}}, {"model": "user.subscription", "pk": 46, "fields": {"subscriber": 2, "subscribed_to": 11}}, {"model": "user.subscription", "pk": 47, "fields": {"subscriber": 2, "subscribed_to": 17}}, {"model": "user.subscription", "pk": 49, "fields": {"subscriber": 2, "subscribed_to": 7}}, {"model": "user.subscription", "pk": 50, "fields": {"subscriber": 21, "subscribed_to": 16}}, {"model": "user.subscription", "pk": 51, "fields": {"subscriber": 2, "subscribed_to": 1}}, {"model": "user.subscription", "pk": 52, "fields": {"subscriber": 2, "subscribed_to": 4}}, {"model": "user.subscription", "pk": 54, "fields": {"subscriber": 2, "subscribed_to": 6}}, {"model": "user.subscription", "pk": 55, "fields": {"subscriber": 6, "subscribed_to": 2}}, {"model": "user.subscription", "pk": 56, "fields": {"subscriber": 5, "subscribed_to": 2}}, {"model": "user.subscription", "pk": 60, "fields": {"subscriber": 1, "subscribed_to": 11}}, {"model": "user.subscription", "pk": 64, "fields": {"subscriber": 11, "subscribed_to": 3}}, {"model": "user.subscription", "pk": 65, "fields": {"subscriber": 3, "subscribed_to": 11}}]